{
  "version": 1,
  "author": "Anonymous maker",
  "editor": "wokwi",
  "parts": [
    {
      "type": "wokwi-pi-pico",
      "id": "pico",
      "top": 35.25,
      "left": -130.8,
      "attrs": { "env": "micropython-20231227-v1.22.0" }
    },
    { "type": "wokwi-led", "id": "led1", "top": 15.6, "left": 109.4, "attrs": { "color": "red" } },
    {
      "type": "wokwi-pushbutton",
      "id": "btn1",
      "top": 92.6,
      "left": -259.2,
      "attrs": { "color": "green" }
    },
    { "type": "wokwi-led", "id": "led2", "top": 15.6, "left": 23, "attrs": { "color": "red" } },
    { "type": "wokwi-led", "id": "led3", "top": 15.6, "left": 80.6, "attrs": { "color": "red" } },
    { "type": "wokwi-led", "id": "led4", "top": 15.6, "left": 51.8, "attrs": { "color": "red" } }
  ],
  "connections": [
    [ "led1:C", "pico:GND.8", "green", [ "v0" ] ],
    [ "btn1:1.l", "pico:GP3", "green", [ "h0" ] ],
    [ "btn1:2.l", "pico:3V3", "green", [ "h0" ] ],
    [ "led3:C", "pico:GND.8", "green", [ "v9.6", "h0.4", "v0", "h0" ] ],
    [ "led4:C", "pico:GND.8", "green", [ "v0" ] ],
    [ "led2:C", "pico:GND.8", "green", [ "v0" ] ],
    [ "pico:GP18", "led1:A", "green", [ "h0" ] ],
    [ "pico:GP19", "led3:A", "green", [ "h0" ] ],
    [ "pico:GP20", "led4:A", "green", [ "h0" ] ],
    [ "pico:GP21", "led2:A", "green", [ "h0" ] ]
  ],
  "dependencies": {}
}